<eagle version="6.1"><drawing><settings><setting alwaysvectorfont="no" verticaltext="up"/></settings><grid distance="0.1" unitdist="inch" unit="inch" style="lines" multiple="1" display="no" altdistance="0.01" altunitdist="inch" altunit="inch"/><layers><layer number="91" name="Nets" color="2" fill="1" visible="yes" active="yes"/><layer number="92" name="Busses" color="1" fill="1" visible="yes" active="yes"/><layer number="93" name="Pins" color="2" fill="1" visible="no" active="yes"/><layer number="94" name="Symbols" color="4" fill="1" visible="yes" active="yes"/><layer number="95" name="Names" color="7" fill="1" visible="yes" active="yes"/><layer number="96" name="Values" color="7" fill="1" visible="yes" active="yes"/><layer number="97" name="Info" color="7" fill="1" visible="yes" active="yes"/><layer number="98" name="Guide" color="6" fill="1" visible="yes" active="yes"/></layers><schematic><libraries><library name="AcceleratedDesigns_Lib"><packages><package name="44ML"><pad name="1" drill="0" y="4" x="-5.6642"/><pad name="2" drill="0" y="3.2" x="-5.6642"/><pad name="3" drill="0" y="2.4" x="-5.6642"/><pad name="4" drill="0" y="1.6" x="-5.6642"/><pad name="5" drill="0" y="0.8" x="-5.6642"/><pad name="6" drill="0" y="0" x="-5.6642"/><pad name="7" drill="0" y="-0.8" x="-5.6642"/><pad name="8" drill="0" y="-1.6" x="-5.6642"/><pad name="9" drill="0" y="-2.4" x="-5.6642"/><pad name="10" drill="0" y="-3.2" x="-5.6642"/><pad name="11" drill="0" y="-4" x="-5.6642"/><pad name="12" drill="0" y="-5.6642" x="-4"/><pad name="13" drill="0" y="-5.6642" x="-3.2"/><pad name="14" drill="0" y="-5.6642" x="-2.4"/><pad name="15" drill="0" y="-5.6642" x="-1.6"/><pad name="16" drill="0" y="-5.6642" x="-0.8"/><pad name="17" drill="0" y="-5.6642" x="0"/><pad name="18" drill="0" y="-5.6642" x="0.8"/><pad name="19" drill="0" y="-5.6642" x="1.6"/><pad name="20" drill="0" y="-5.6642" x="2.4"/><pad name="21" drill="0" y="-5.6642" x="3.2"/><pad name="22" drill="0" y="-5.6642" x="4"/><pad name="23" drill="0" y="-4" x="5.6642"/><pad name="24" drill="0" y="-3.2" x="5.6642"/><pad name="25" drill="0" y="-2.4" x="5.6642"/><pad name="26" drill="0" y="-1.6" x="5.6642"/><pad name="27" drill="0" y="-0.8" x="5.6642"/><pad name="28" drill="0" y="0" x="5.6642"/><pad name="29" drill="0" y="0.8" x="5.6642"/><pad name="30" drill="0" y="1.6" x="5.6642"/><pad name="31" drill="0" y="2.4" x="5.6642"/><pad name="32" drill="0" y="3.2" x="5.6642"/><pad name="33" drill="0" y="4" x="5.6642"/><pad name="34" drill="0" y="5.6642" x="4"/><pad name="35" drill="0" y="5.6642" x="3.2"/><pad name="36" drill="0" y="5.6642" x="2.4"/><pad name="37" drill="0" y="5.6642" x="1.6"/><pad name="38" drill="0" y="5.6642" x="0.8"/><pad name="39" drill="0" y="5.6642" x="0"/><pad name="40" drill="0" y="5.6642" x="-0.8"/><pad name="41" drill="0" y="5.6642" x="-1.6"/><pad name="42" drill="0" y="5.6642" x="-2.4"/><pad name="43" drill="0" y="5.6642" x="-3.2"/><pad name="44" drill="0" y="5.6642" x="-4"/></package><package name="44ML-M"><pad name="1" drill="0" y="4" x="-5.715"/><pad name="2" drill="0" y="3.2" x="-5.715"/><pad name="3" drill="0" y="2.4" x="-5.715"/><pad name="4" drill="0" y="1.6" x="-5.715"/><pad name="5" drill="0" y="0.8" x="-5.715"/><pad name="6" drill="0" y="0" x="-5.715"/><pad name="7" drill="0" y="-0.8" x="-5.715"/><pad name="8" drill="0" y="-1.6" x="-5.715"/><pad name="9" drill="0" y="-2.4" x="-5.715"/><pad name="10" drill="0" y="-3.2" x="-5.715"/><pad name="11" drill="0" y="-4" x="-5.715"/><pad name="12" drill="0" y="-5.715" x="-4"/><pad name="13" drill="0" y="-5.715" x="-3.2"/><pad name="14" drill="0" y="-5.715" x="-2.4"/><pad name="15" drill="0" y="-5.715" x="-1.6"/><pad name="16" drill="0" y="-5.715" x="-0.8"/><pad name="17" drill="0" y="-5.715" x="0"/><pad name="18" drill="0" y="-5.715" x="0.8"/><pad name="19" drill="0" y="-5.715" x="1.6"/><pad name="20" drill="0" y="-5.715" x="2.4"/><pad name="21" drill="0" y="-5.715" x="3.2"/><pad name="22" drill="0" y="-5.715" x="4"/><pad name="23" drill="0" y="-4" x="5.715"/><pad name="24" drill="0" y="-3.2" x="5.715"/><pad name="25" drill="0" y="-2.4" x="5.715"/><pad name="26" drill="0" y="-1.6" x="5.715"/><pad name="27" drill="0" y="-0.8" x="5.715"/><pad name="28" drill="0" y="0" x="5.715"/><pad name="29" drill="0" y="0.8" x="5.715"/><pad name="30" drill="0" y="1.6" x="5.715"/><pad name="31" drill="0" y="2.4" x="5.715"/><pad name="32" drill="0" y="3.2" x="5.715"/><pad name="33" drill="0" y="4" x="5.715"/><pad name="34" drill="0" y="5.715" x="4"/><pad name="35" drill="0" y="5.715" x="3.2"/><pad name="36" drill="0" y="5.715" x="2.4"/><pad name="37" drill="0" y="5.715" x="1.6"/><pad name="38" drill="0" y="5.715" x="0.8"/><pad name="39" drill="0" y="5.715" x="0"/><pad name="40" drill="0" y="5.715" x="-0.8"/><pad name="41" drill="0" y="5.715" x="-1.6"/><pad name="42" drill="0" y="5.715" x="-2.4"/><pad name="43" drill="0" y="5.715" x="-3.2"/><pad name="44" drill="0" y="5.715" x="-4"/></package><package name="44ML-L"><pad name="1" drill="0" y="4" x="-5.6134"/><pad name="2" drill="0" y="3.2" x="-5.6134"/><pad name="3" drill="0" y="2.4" x="-5.6134"/><pad name="4" drill="0" y="1.6" x="-5.6134"/><pad name="5" drill="0" y="0.8" x="-5.6134"/><pad name="6" drill="0" y="0" x="-5.6134"/><pad name="7" drill="0" y="-0.8" x="-5.6134"/><pad name="8" drill="0" y="-1.6" x="-5.6134"/><pad name="9" drill="0" y="-2.4" x="-5.6134"/><pad name="10" drill="0" y="-3.2" x="-5.6134"/><pad name="11" drill="0" y="-4" x="-5.6134"/><pad name="12" drill="0" y="-5.6134" x="-4"/><pad name="13" drill="0" y="-5.6134" x="-3.2"/><pad name="14" drill="0" y="-5.6134" x="-2.4"/><pad name="15" drill="0" y="-5.6134" x="-1.6"/><pad name="16" drill="0" y="-5.6134" x="-0.8"/><pad name="17" drill="0" y="-5.6134" x="0"/><pad name="18" drill="0" y="-5.6134" x="0.8"/><pad name="19" drill="0" y="-5.6134" x="1.6"/><pad name="20" drill="0" y="-5.6134" x="2.4"/><pad name="21" drill="0" y="-5.6134" x="3.2"/><pad name="22" drill="0" y="-5.6134" x="4"/><pad name="23" drill="0" y="-4" x="5.6134"/><pad name="24" drill="0" y="-3.2" x="5.6134"/><pad name="25" drill="0" y="-2.4" x="5.6134"/><pad name="26" drill="0" y="-1.6" x="5.6134"/><pad name="27" drill="0" y="-0.8" x="5.6134"/><pad name="28" drill="0" y="0" x="5.6134"/><pad name="29" drill="0" y="0.8" x="5.6134"/><pad name="30" drill="0" y="1.6" x="5.6134"/><pad name="31" drill="0" y="2.4" x="5.6134"/><pad name="32" drill="0" y="3.2" x="5.6134"/><pad name="33" drill="0" y="4" x="5.6134"/><pad name="34" drill="0" y="5.6134" x="4"/><pad name="35" drill="0" y="5.6134" x="3.2"/><pad name="36" drill="0" y="5.6134" x="2.4"/><pad name="37" drill="0" y="5.6134" x="1.6"/><pad name="38" drill="0" y="5.6134" x="0.8"/><pad name="39" drill="0" y="5.6134" x="0"/><pad name="40" drill="0" y="5.6134" x="-0.8"/><pad name="41" drill="0" y="5.6134" x="-1.6"/><pad name="42" drill="0" y="5.6134" x="-2.4"/><pad name="43" drill="0" y="5.6134" x="-3.2"/><pad name="44" drill="0" y="5.6134" x="-4"/></package></packages><symbols><symbol name="ATMEGA32U4-AUR@1"><pin name="INT.6/AIN0)PE6@1" x="0" y="0" rot="MR180" direction="io" length="long" visible="both" swaplevel="0"/><pin name="UVcc@2" x="0" y="-2.54" rot="MR180" direction="pwr" length="long" visible="both" swaplevel="0"/><pin name="D-@3" x="0" y="-5.08" rot="MR180" direction="pas" length="long" visible="both" swaplevel="0"/><pin name="D+@4" x="0" y="-7.62" rot="MR180" direction="pas" length="long" visible="both" swaplevel="0"/><pin name="UGnd@5" x="0" y="-10.16" rot="MR180" direction="pwr" length="long" visible="both" swaplevel="0"/><pin name="UCap@6" x="0" y="-12.7" rot="MR180" direction="pwr" length="long" visible="both" swaplevel="0"/><pin name="VBus@7" x="0" y="-15.24" rot="MR180" direction="pwr" length="long" visible="both" swaplevel="0"/><pin name="(SS/PCINT0) PB0@8" x="0" y="-17.78" rot="MR180" direction="io" length="long" visible="both" swaplevel="0"/><pin name="(PCINT1/SCLK) PB1@9" x="0" y="-20.32" rot="MR180" direction="io" length="long" visible="both" swaplevel="0"/><pin name="(PDI/PCINT2/MOSI) PB2@10" x="0" y="-22.86" rot="MR180" direction="io" length="long" visible="both" swaplevel="0"/><pin name="(PDO/PCINT3/MISO) PB3@11" x="0" y="-25.4" rot="MR180" direction="io" length="long" visible="both" swaplevel="0"/><pin name="(PCINT7/OC0A/OC1C/RTS!) PB7@12" x="0" y="-27.94" rot="MR180" direction="io" length="long" visible="both" swaplevel="0"/><pin name="!@13" x="0" y="-30.48" rot="MR180" direction="in" length="long" visible="both" swaplevel="0"/><pin name="VCC@14" x="0" y="-33.02" rot="MR180" direction="pwr" length="long" visible="both" swaplevel="0"/><pin name="GND@15" x="0" y="-35.56" rot="MR180" direction="pwr" length="long" visible="both" swaplevel="0"/><pin name="XTAL2@16" x="0" y="-38.1" rot="MR180" direction="out" length="long" visible="both" swaplevel="0"/><pin name="XTAL1@17" x="0" y="-40.64" rot="MR180" direction="in" length="long" visible="both" swaplevel="0"/><pin name="(OC0B/SCL/INT0) PD0@18" x="0" y="-43.18" rot="MR180" direction="io" length="long" visible="both" swaplevel="0"/><pin name="(SDA/INT1) PD1@19" x="0" y="-45.72" rot="MR180" direction="io" length="long" visible="both" swaplevel="0"/><pin name="(RXD1/INT2) PD2@20" x="0" y="-48.26" rot="MR180" direction="io" length="long" visible="both" swaplevel="0"/><pin name="(TXD1/INT3) PD3@21" x="0" y="-50.8" rot="MR180" direction="io" length="long" visible="both" swaplevel="0"/><pin name="(XCK1/CTS!) PD5@22" x="0" y="-53.34" rot="MR180" direction="io" length="long" visible="both" swaplevel="0"/><pin name="GND@23" x="162.56" y="-53.34" rot="MR0" direction="pwr" length="long" visible="both" swaplevel="0"/><pin name="AVCC@24" x="162.56" y="-50.8" rot="MR0" direction="pwr" length="long" visible="both" swaplevel="0"/><pin name="PD4 (ICP1/ADC8@25" x="162.56" y="-48.26" rot="MR0" direction="io" length="long" visible="both" swaplevel="0"/><pin name="PD6 (T1/OC4D/ADC9)@26" x="162.56" y="-45.72" rot="MR0" direction="io" length="long" visible="both" swaplevel="0"/><pin name="PD7 (T0/OC4D/ADC10)@27" x="162.56" y="-43.18" rot="MR0" direction="io" length="long" visible="both" swaplevel="0"/><pin name="PB4 (PCINT4/ADC11)@28" x="162.56" y="-40.64" rot="MR0" direction="io" length="long" visible="both" swaplevel="0"/><pin name="PB5 (PCINT5/OC1A/OC4B/ADC12)@29" x="162.56" y="-38.1" rot="MR0" direction="io" length="long" visible="both" swaplevel="0"/><pin name="PB6 (PCINT6/OC1B/OC4B/ADC13)@30" x="162.56" y="-35.56" rot="MR0" direction="io" length="long" visible="both" swaplevel="0"/><pin name="PC6 (OC3A/OC4A!)@31" x="162.56" y="-33.02" rot="MR0" direction="io" length="long" visible="both" swaplevel="0"/><pin name="PC7 (ICP3/CLK0/OC4A)@32" x="162.56" y="-30.48" rot="MR0" direction="io" length="long" visible="both" swaplevel="0"/><pin name="PE2 (HWB!)@33" x="162.56" y="-27.94" rot="MR0" direction="io" length="long" visible="both" swaplevel="0"/><pin name="VCC@34" x="162.56" y="-25.4" rot="MR0" direction="pwr" length="long" visible="both" swaplevel="0"/><pin name="GND@35" x="162.56" y="-22.86" rot="MR0" direction="pwr" length="long" visible="both" swaplevel="0"/><pin name="PF7 (ADC7/TDI)@36" x="162.56" y="-20.32" rot="MR0" direction="io" length="long" visible="both" swaplevel="0"/><pin name="PF6 (ADC6/TDO)@37" x="162.56" y="-17.78" rot="MR0" direction="io" length="long" visible="both" swaplevel="0"/><pin name="PF5 (ADC5/TMS)@38" x="162.56" y="-15.24" rot="MR0" direction="io" length="long" visible="both" swaplevel="0"/><pin name="PF4 (ADC4/TCK)@39" x="162.56" y="-12.7" rot="MR0" direction="io" length="long" visible="both" swaplevel="0"/><pin name="PF1 (ADC1)@40" x="162.56" y="-10.16" rot="MR0" direction="io" length="long" visible="both" swaplevel="0"/><pin name="PF0 (ADC0)@41" x="162.56" y="-7.62" rot="MR0" direction="io" length="long" visible="both" swaplevel="0"/><pin name="AREF@42" x="162.56" y="-5.08" rot="MR0" direction="io" length="long" visible="both" swaplevel="0"/><pin name="GND@43" x="162.56" y="-2.54" rot="MR0" direction="pwr" length="long" visible="both" swaplevel="0"/><pin name="AVCC@44" x="162.56" y="0" rot="MR0" direction="pwr" length="long" visible="both" swaplevel="0"/><wire x1="7.62" y1="5.08" x2="7.62" y2="-58.42" width="0.127" layer="94"/><wire x1="7.62" y1="-58.42" x2="154.94" y2="-58.42" width="0.127" layer="94"/><wire x1="154.94" y1="-58.42" x2="154.94" y2="5.08" width="0.127" layer="94"/><wire x1="154.94" y1="5.08" x2="7.62" y2="5.08" width="0.127" layer="94"/><text size="2" x="81.28" y="10.16" layer="95" align="center">&gt;NAME</text><text size="2" x="81.28" y="7.62" layer="96" align="center">&gt;VALUE</text></symbol></symbols><devicesets><deviceset name="ATMEGA32U4-AUR" prefix="U"><gates><gate name="1" addlevel="always" y="0" x="0" symbol="ATMEGA32U4-AUR@1"/></gates><devices><device name="ATMEGA32U4-AUR" package="44ML"><connects><connect pad="1" pin="INT.6/AIN0)PE6@1" gate="1"/><connect pad="2" pin="UVcc@2" gate="1"/><connect pad="3" pin="D-@3" gate="1"/><connect pad="4" pin="D+@4" gate="1"/><connect pad="5" pin="UGnd@5" gate="1"/><connect pad="6" pin="UCap@6" gate="1"/><connect pad="7" pin="VBus@7" gate="1"/><connect pad="8" pin="(SS/PCINT0) PB0@8" gate="1"/><connect pad="9" pin="(PCINT1/SCLK) PB1@9" gate="1"/><connect pad="10" pin="(PDI/PCINT2/MOSI) PB2@10" gate="1"/><connect pad="11" pin="(PDO/PCINT3/MISO) PB3@11" gate="1"/><connect pad="12" pin="(PCINT7/OC0A/OC1C/RTS!) PB7@12" gate="1"/><connect pad="13" pin="!@13" gate="1"/><connect pad="14" pin="VCC@14" gate="1"/><connect pad="15" pin="GND@15" gate="1"/><connect pad="16" pin="XTAL2@16" gate="1"/><connect pad="17" pin="XTAL1@17" gate="1"/><connect pad="18" pin="(OC0B/SCL/INT0) PD0@18" gate="1"/><connect pad="19" pin="(SDA/INT1) PD1@19" gate="1"/><connect pad="20" pin="(RXD1/INT2) PD2@20" gate="1"/><connect pad="21" pin="(TXD1/INT3) PD3@21" gate="1"/><connect pad="22" pin="(XCK1/CTS!) PD5@22" gate="1"/><connect pad="23" pin="GND@23" gate="1"/><connect pad="24" pin="AVCC@24" gate="1"/><connect pad="25" pin="PD4 (ICP1/ADC8@25" gate="1"/><connect pad="26" pin="PD6 (T1/OC4D/ADC9)@26" gate="1"/><connect pad="27" pin="PD7 (T0/OC4D/ADC10)@27" gate="1"/><connect pad="28" pin="PB4 (PCINT4/ADC11)@28" gate="1"/><connect pad="29" pin="PB5 (PCINT5/OC1A/OC4B/ADC12)@29" gate="1"/><connect pad="30" pin="PB6 (PCINT6/OC1B/OC4B/ADC13)@30" gate="1"/><connect pad="31" pin="PC6 (OC3A/OC4A!)@31" gate="1"/><connect pad="32" pin="PC7 (ICP3/CLK0/OC4A)@32" gate="1"/><connect pad="33" pin="PE2 (HWB!)@33" gate="1"/><connect pad="34" pin="VCC@34" gate="1"/><connect pad="35" pin="GND@35" gate="1"/><connect pad="36" pin="PF7 (ADC7/TDI)@36" gate="1"/><connect pad="37" pin="PF6 (ADC6/TDO)@37" gate="1"/><connect pad="38" pin="PF5 (ADC5/TMS)@38" gate="1"/><connect pad="39" pin="PF4 (ADC4/TCK)@39" gate="1"/><connect pad="40" pin="PF1 (ADC1)@40" gate="1"/><connect pad="41" pin="PF0 (ADC0)@41" gate="1"/><connect pad="42" pin="AREF@42" gate="1"/><connect pad="43" pin="GND@43" gate="1"/><connect pad="44" pin="AVCC@44" gate="1"/></connects><technologies><technology name=""><attribute name="Vendor" value="Atmel" constant="no"/><attribute name="Manufacturer_Part_Number" value="ATMEGA32U4-AUR" constant="no"/></technology></technologies></device></devices></deviceset></devicesets></library></libraries><attributes/><variantdefs/><classes><class number="0" name="default" width="0" drill="0"/></classes><parts/><sheets/></schematic></drawing></eagle>
