Part,Value,COST,DESCRIPTION,DISTRIBUTER,DIST_PART_NUMBER,MANUFACTURER,MFG_PART_NUMBER,PACKAGE,PART_NUMBER
C1,27p,0.16,Ceramic FB Cap,Arrow,C0805C270J1GACTU,KEMET,C0805C270J1GACTU,805,C0805C270J1GACTU
C2,10u,0.27,Ceramic Output Capacitor,Arrow,GRM21BR61D106ME15L,Murata,GRM21BR61D106ME15L,805,GRM21BR61D106ME15L
C3,10u,0.27,Ceramic Output Capacitor,Arrow,GRM21BR61D106ME15L,Murata,GRM21BR61D106ME15L,805,GRM21BR61D106ME15L
C4,10u,0.27,Ceramic Output Capacitor,Arrow,GRM21BR61D106ME15L,Murata,GRM21BR61D106ME15L,805,GRM21BR61D106ME15L
C5,10u,0.27,Ceramic Output Capacitor,Arrow,GRM21BR61D106ME15L,Murata,GRM21BR61D106ME15L,805,GRM21BR61D106ME15L
C6,10u,0.27,Ceramic Output Capacitor,Arrow,GRM21BR61D106ME15L,Murata,GRM21BR61D106ME15L,805,GRM21BR61D106ME15L
C7,n/s,,,,,,,,
C8,10u,0.27,Ceramic Output Capacitor,Arrow,GRM21BR61D106ME15L,Murata,GRM21BR61D106ME15L,805,GRM21BR61D106ME15L
C9,NS,,,,,,,,
C10,1uF,0.2,Bypass Capacitor,Arrow,LMK212BJ105KD-T,Taiyo Yuden,LMK212BJ105KD-T,805,LMK212BJ105KD-T
C11,18pF,0.31,Crystal Capacitor,Arrow,GRM21A5C2E180JW01D,Murata,GRM21A5C2E180JW01D,805,GRM21A5C2E180JW01D
C12,18pF,0.31,Crystal Capacitor,Arrow,GRM21A5C2E180JW01D,Murata,GRM21A5C2E180JW01D,805,GRM21A5C2E180JW01D
C13,10u,,,,,,,,
C14,1000uF,0.36,Input Cap,Arrow,EEU-FS1A102B,Panasonic,EEU-FS1A102B,Radial,EEU-FS1A102B
C15,0.1uF,0.35,Power Supply Caps,Arrow,C0805C104K6RACTU,KEMET,C0805C104K6RACTU,805,C0805C104K6RACTU
C16,0.1uF,0.35,Power Supply Caps,Arrow,C0805C104K6RACTU,KEMET,C0805C104K6RACTU,805,C0805C104K6RACTU
C17,0.1uF,0.35,Power Supply Caps,Arrow,C0805C104K6RACTU,KEMET,C0805C104K6RACTU,805,C0805C104K6RACTU
C18,0.1uF,0.35,Power Supply Caps,Arrow,C0805C104K6RACTU,KEMET,C0805C104K6RACTU,805,C0805C104K6RACTU
C19,0.1uF,0.35,Power Supply Caps,Arrow,C0805C104K6RACTU,KEMET,C0805C104K6RACTU,805,C0805C104K6RACTU
C20,0.1uF,0.35,Power Supply Caps,Arrow,C0805C104K6RACTU,KEMET,C0805C104K6RACTU,805,C0805C104K6RACTU
C21,0.1uF,0.35,Power Supply Caps,Arrow,C0805C104K6RACTU,KEMET,C0805C104K6RACTU,805,C0805C104K6RACTU
C22,0.1uF,0.35,Power Supply Caps,Arrow,C0805C104K6RACTU,KEMET,C0805C104K6RACTU,805,C0805C104K6RACTU
C23,0.1uF,0.35,Power Supply Caps,Arrow,C0805C104K6RACTU,KEMET,C0805C104K6RACTU,805,C0805C104K6RACTU
C24,0.1uF,0.35,Power Supply Caps,Arrow,C0805C104K6RACTU,KEMET,C0805C104K6RACTU,805,C0805C104K6RACTU
C25,0.1uF,0.35,Power Supply Caps,Arrow,C0805C104K6RACTU,KEMET,C0805C104K6RACTU,805,C0805C104K6RACTU
C26,100nf,,,,,,,,
F1,500mA,0.82,500mA Fuse,Arrow,CC12H500MA-TR,Eaton,CC12H500MA-TR,1206,CC12H500MA-TR
J1,1-640456-0,,,,,,,,
J2,640456-2,0.1,2 Pin Header,Arrow,640456-2,TE,640456-2,HDR 2 POS 2.54mm ,640456-2
J3,640456-3,0.11,Soil Sensor Connector,Arrow,640456-3,TE-Connectivity,640456-3,HDR 3 POS 2.54mm,640456-3
J4,67996-104HLF,0.21,Jtag Header,Arrow,67996-404HLF,Amphenol,67996-404HLF,HDR 4 POS 2.54mm,67996-404HLF
J5,67996-406HLF,0.3,Serial Connector,Arrow,67996-406HLF,Amphenol,67996-406HLF,HDR 6 POS 2.54mm,67996-406HLF
J6,640456-2,,,,,,,,
J7,640456-2,0.1,Jumper,Arrow,640456-2,TE,640456-2,HDR 2 POS 2.54mm ,640456-2
J8,640456-2,0.1,2 Pin Header,Arrow,640456-2,TE,640456-2,HDR 2 POS 2.54mm ,640456-2
L1,MPLC0730L4R7,1.11,Boost Inductor,Arrow,NPIM74C4R7MTRF,NIC Componenets,NPIM74C4R7MTRF,Shielded,NPIM74C4R7MTRF
L2,ETQ-P5M100YFK,0.72,Buck Inductor,Arrow,ETQ-P4M100KVC,Panasonic,ETQ-P4M100KVC,Shielded,ETQ-P4M100KVC
LED1,,0.33,LED Indicator,Arrow,WP7113SRD/J4,Kingbright,WP7113SRD/J4,2-Pin T-1 3/4,WP7113SRD/J4
LED2,,0.33,LED Indicator,Arrow,WP7113SRD/J4,Kingbright,WP7113SRD/J4,2-Pin T-1 3/4,WP7113SRD/J4
LED3,,0.33,LED Indicator,Arrow,WP7113SRD/J4,Kingbright,WP7113SRD/J4,2-Pin T-1 3/4,WP7113SRD/J4
Q1,16MHz,0.28,Crystal Oscilator,Arrow,FC4STCBAF16.0-BAG200,Fox Electronics,FC4STCBAF16.0-BAG200,Thru-Hole Crystal,FC4STCBAF16.0-BAG200
R1,976k,0.32,Feedback Resistor 1,Arrow,ERA-6AEB9763V,Panasonic,ERA-6AEB9763V,805,ERA-6AEB9763V
R2,309k,0.32,Feedback Resistor 2,Arrow,ERA-6AEB3093V,Panasonic,ERA-6AEB3093V,805,ERA-6AEB3093V
R3,20k,0.332,Buck Feedback Res 2,Arrow,ERA6AEB203V,Panasonic,ERA6AEB203V,805,ERA6AEB203V
R4,61.9k,0.09,Buck Feedback Res 1,Arrow,RC2012F6192CS,Samsung,RC2012F6192CS,805,RC2012F6192CS
R5,0,0.09,0 Ohm Jumpers,Arrow,CRCW08050000Z0EBC,Vishay,CRCW08050000Z0EBC,805,CRCW08050000Z0EBC
R6,0,0.09,0 Ohm Jumpers,Arrow,CRCW08050000Z0EBC,Vishay,CRCW08050000Z0EBC,805,CRCW08050000Z0EBC
R7,,,,,,,,,
R8,4.99k,,,,,,,,
R9,1.00k,0.09,RC Filter Resistance,Arrow,CRGH0805J1K0,TE Connectivity,CRGH0805J1K0,805,CRGH0805J1K0
R10,1.00k,0.09,RC Filter Resistance,Arrow,CRGH0805J1K0,TE Connectivity,CRGH0805J1K0,805,CRGH0805J1K0
R11,1.00k,0.09,RC Filter Resistance,Arrow,CRGH0805J1K0,TE Connectivity,CRGH0805J1K0,805,CRGH0805J1K0
R12,10k,0.09,Soil Sensor Resistor 2,Arrow,CRGH0805J10K,Vishay,CRGH0805J10K,805,CRGH0805J10K
R13,100,0.09,Soil Sensor Resistor,Arrow,CRCW0805100RFKEAC,Vishay,CRCW0805100RFKEAC,805,CRCW0805100RFKEAC
R14,1k,,,,,,,,
R15,150,,,,,,,,
R16,4.7k,,,,,,,,
T1,2N3904,,,,,,,,
U1,ATMEGA32U4-AUR44ML-L,,,,,,,,
U2,TPS560200DBVRDBV5-L,,,,,,,,
U3,CD40109BPWRPW16-L,,,,,,,,
U4,CD40109BPWRPW16-M,,Level Shift,,,,,,
U5,TPA2005D1DGNRDGN8_1P89X1P57-L,,,,,,,,
U6,MCP1642B/D,0.91,5V Power Converter,Arrow,MCP1642B-50I/MS,Microchip,MCP1642B-50I/MS,8-Pin MSOP,MCP1642B-50I/MS
X1,MINI-USB-32005-201,0.67,USB Connector,Arrow,UJ2-MABH-2-SMT-TR,CUI Inc,UJ2-MABH-2-SMT-TR,5 POS 0.8mm Solder,UJ2-MABH-2-SMT-TR
