<eagle version="6.1"><drawing><settings><setting alwaysvectorfont="no" verticaltext="up"/></settings><grid distance="0.1" unitdist="inch" unit="inch" style="lines" multiple="1" display="no" altdistance="0.01" altunitdist="inch" altunit="inch"/><layers><layer number="91" name="Nets" color="2" fill="1" visible="yes" active="yes"/><layer number="92" name="Busses" color="1" fill="1" visible="yes" active="yes"/><layer number="93" name="Pins" color="2" fill="1" visible="no" active="yes"/><layer number="94" name="Symbols" color="4" fill="1" visible="yes" active="yes"/><layer number="95" name="Names" color="7" fill="1" visible="yes" active="yes"/><layer number="96" name="Values" color="7" fill="1" visible="yes" active="yes"/><layer number="97" name="Info" color="7" fill="1" visible="yes" active="yes"/><layer number="98" name="Guide" color="6" fill="1" visible="yes" active="yes"/></layers><schematic><libraries><library name="AcceleratedDesigns_Lib"><packages><package name="DGN8_1P89x1P57"><pad name="1" drill="0" y="0.975" x="-2.0955"/><pad name="2" drill="0" y="0.325" x="-2.0955"/><pad name="3" drill="0" y="-0.325" x="-2.0955"/><pad name="4" drill="0" y="-0.975" x="-2.0955"/><pad name="5" drill="0" y="-0.975" x="2.0955"/><pad name="6" drill="0" y="-0.325" x="2.0955"/><pad name="7" drill="0" y="0.325" x="2.0955"/><pad name="8" drill="0" y="0.975" x="2.0955"/><pad name="9" drill="0" y="0" x="0"/></package><package name="DGN8_1P89X1P57-M"><pad name="1" drill="0" y="0.975" x="-2.1463"/><pad name="2" drill="0" y="0.325" x="-2.1463"/><pad name="3" drill="0" y="-0.325" x="-2.1463"/><pad name="4" drill="0" y="-0.975" x="-2.1463"/><pad name="5" drill="0" y="-0.975" x="2.1463"/><pad name="6" drill="0" y="-0.325" x="2.1463"/><pad name="7" drill="0" y="0.325" x="2.1463"/><pad name="8" drill="0" y="0.975" x="2.1463"/><pad name="9" drill="0" y="0" x="0"/></package><package name="DGN8_1P89X1P57-L"><pad name="1" drill="0" y="0.975" x="-2.0447"/><pad name="2" drill="0" y="0.325" x="-2.0447"/><pad name="3" drill="0" y="-0.325" x="-2.0447"/><pad name="4" drill="0" y="-0.975" x="-2.0447"/><pad name="5" drill="0" y="-0.975" x="2.0447"/><pad name="6" drill="0" y="-0.325" x="2.0447"/><pad name="7" drill="0" y="0.325" x="2.0447"/><pad name="8" drill="0" y="0.975" x="2.0447"/><pad name="9" drill="0" y="0" x="0"/></package></packages><symbols><symbol name="TPA2005D1DGNR@1"><pin name="!SHUTDOWN@1" x="0" y="0" rot="MR180" direction="in" length="long" visible="both" swaplevel="0"/><pin name="NC@2" x="0" y="-2.54" rot="MR180" direction="pas" length="long" visible="both" swaplevel="0"/><pin name="IN+@3" x="0" y="-5.08" rot="MR180" direction="in" length="long" visible="both" swaplevel="0"/><pin name="IN-@4" x="0" y="-7.62" rot="MR180" direction="in" length="long" visible="both" swaplevel="0"/><pin name="VO+@5" x="71.12" y="-10.16" rot="MR0" direction="out" length="long" visible="both" swaplevel="0"/><pin name="VDD@6" x="71.12" y="-7.62" rot="MR0" direction="pwr" length="long" visible="both" swaplevel="0"/><pin name="GND@7" x="71.12" y="-5.08" rot="MR0" direction="pwr" length="long" visible="both" swaplevel="0"/><pin name="VO-@8" x="71.12" y="-2.54" rot="MR0" direction="out" length="long" visible="both" swaplevel="0"/><pin name="EPAD@9" x="71.12" y="0" rot="MR0" direction="pas" length="long" visible="both" swaplevel="0"/><wire x1="7.62" y1="5.08" x2="7.62" y2="-15.24" width="0.127" layer="94"/><wire x1="7.62" y1="-15.24" x2="63.5" y2="-15.24" width="0.127" layer="94"/><wire x1="63.5" y1="-15.24" x2="63.5" y2="5.08" width="0.127" layer="94"/><wire x1="63.5" y1="5.08" x2="7.62" y2="5.08" width="0.127" layer="94"/><text size="2" x="35.56" y="10.16" layer="95" align="center">&gt;NAME</text><text size="2" x="35.56" y="7.62" layer="96" align="center">&gt;VALUE</text></symbol></symbols><devicesets><deviceset name="TPA2005D1DGNR" prefix="U"><gates><gate name="1" addlevel="always" y="0" x="0" symbol="TPA2005D1DGNR@1"/></gates><devices><device name="TPA2005D1DGNR" package="DGN8_1P89X1P57"><connects><connect pad="1" pin="!SHUTDOWN@1" gate="1"/><connect pad="2" pin="NC@2" gate="1"/><connect pad="3" pin="IN+@3" gate="1"/><connect pad="4" pin="IN-@4" gate="1"/><connect pad="5" pin="VO+@5" gate="1"/><connect pad="6" pin="VDD@6" gate="1"/><connect pad="7" pin="GND@7" gate="1"/><connect pad="8" pin="VO-@8" gate="1"/><connect pad="EPAD" pin="EPAD@9" gate="1"/></connects><technologies><technology name=""><attribute name="Vendor" value="Texas Instruments" constant="no"/><attribute name="Manufacturer_Part_Number" value="TPA2005D1DGNR" constant="no"/></technology></technologies></device></devices></deviceset></devicesets></library></libraries><attributes/><variantdefs/><classes><class number="0" name="default" width="0" drill="0"/></classes><parts/><sheets/></schematic></drawing></eagle>
