<eagle version="6.1"><drawing><settings><setting alwaysvectorfont="no" verticaltext="up"/></settings><grid distance="0.1" unitdist="inch" unit="inch" style="lines" multiple="1" display="no" altdistance="0.01" altunitdist="inch" altunit="inch"/><layers><layer number="91" name="Nets" color="2" fill="1" visible="yes" active="yes"/><layer number="92" name="Busses" color="1" fill="1" visible="yes" active="yes"/><layer number="93" name="Pins" color="2" fill="1" visible="no" active="yes"/><layer number="94" name="Symbols" color="4" fill="1" visible="yes" active="yes"/><layer number="95" name="Names" color="7" fill="1" visible="yes" active="yes"/><layer number="96" name="Values" color="7" fill="1" visible="yes" active="yes"/><layer number="97" name="Info" color="7" fill="1" visible="yes" active="yes"/><layer number="98" name="Guide" color="6" fill="1" visible="yes" active="yes"/></layers><schematic><libraries><library name="AcceleratedDesigns_Lib"><packages><package name="PW16"><pad name="1" drill="0" y="2.275" x="-2.8194"/><pad name="2" drill="0" y="1.625" x="-2.8194"/><pad name="3" drill="0" y="0.975" x="-2.8194"/><pad name="4" drill="0" y="0.325" x="-2.8194"/><pad name="5" drill="0" y="-0.325" x="-2.8194"/><pad name="6" drill="0" y="-0.975" x="-2.8194"/><pad name="7" drill="0" y="-1.625" x="-2.8194"/><pad name="8" drill="0" y="-2.275" x="-2.8194"/><pad name="9" drill="0" y="-2.275" x="2.8194"/><pad name="10" drill="0" y="-1.625" x="2.8194"/><pad name="11" drill="0" y="-0.975" x="2.8194"/><pad name="12" drill="0" y="-0.325" x="2.8194"/><pad name="13" drill="0" y="0.325" x="2.8194"/><pad name="14" drill="0" y="0.975" x="2.8194"/><pad name="15" drill="0" y="1.625" x="2.8194"/><pad name="16" drill="0" y="2.275" x="2.8194"/></package><package name="PW16-M"><pad name="1" drill="0" y="2.275" x="-2.8702"/><pad name="2" drill="0" y="1.625" x="-2.8702"/><pad name="3" drill="0" y="0.975" x="-2.8702"/><pad name="4" drill="0" y="0.325" x="-2.8702"/><pad name="5" drill="0" y="-0.325" x="-2.8702"/><pad name="6" drill="0" y="-0.975" x="-2.8702"/><pad name="7" drill="0" y="-1.625" x="-2.8702"/><pad name="8" drill="0" y="-2.275" x="-2.8702"/><pad name="9" drill="0" y="-2.275" x="2.8702"/><pad name="10" drill="0" y="-1.625" x="2.8702"/><pad name="11" drill="0" y="-0.975" x="2.8702"/><pad name="12" drill="0" y="-0.325" x="2.8702"/><pad name="13" drill="0" y="0.325" x="2.8702"/><pad name="14" drill="0" y="0.975" x="2.8702"/><pad name="15" drill="0" y="1.625" x="2.8702"/><pad name="16" drill="0" y="2.275" x="2.8702"/></package><package name="PW16-L"><pad name="1" drill="0" y="2.275" x="-2.7686"/><pad name="2" drill="0" y="1.625" x="-2.7686"/><pad name="3" drill="0" y="0.975" x="-2.7686"/><pad name="4" drill="0" y="0.325" x="-2.7686"/><pad name="5" drill="0" y="-0.325" x="-2.7686"/><pad name="6" drill="0" y="-0.975" x="-2.7686"/><pad name="7" drill="0" y="-1.625" x="-2.7686"/><pad name="8" drill="0" y="-2.275" x="-2.7686"/><pad name="9" drill="0" y="-2.275" x="2.7686"/><pad name="10" drill="0" y="-1.625" x="2.7686"/><pad name="11" drill="0" y="-0.975" x="2.7686"/><pad name="12" drill="0" y="-0.325" x="2.7686"/><pad name="13" drill="0" y="0.325" x="2.7686"/><pad name="14" drill="0" y="0.975" x="2.7686"/><pad name="15" drill="0" y="1.625" x="2.7686"/><pad name="16" drill="0" y="2.275" x="2.7686"/></package></packages><symbols><symbol name="CD40109BPWR@1"><pin name="VCC@1" x="0" y="0" rot="MR180" direction="pwr" length="long" visible="both" swaplevel="0"/><pin name="ENABLEA@2" x="0" y="-2.54" rot="MR180" direction="in" length="long" visible="both" swaplevel="0"/><pin name="A@3" x="0" y="-5.08" rot="MR180" direction="in" length="long" visible="both" swaplevel="0"/><pin name="E@4" x="0" y="-7.62" rot="MR180" direction="out" length="long" visible="both" swaplevel="0"/><pin name="F@5" x="0" y="-10.16" rot="MR180" direction="out" length="long" visible="both" swaplevel="0"/><pin name="B@6" x="0" y="-12.7" rot="MR180" direction="in" length="long" visible="both" swaplevel="0"/><pin name="ENABLEB@7" x="0" y="-15.24" rot="MR180" direction="in" length="long" visible="both" swaplevel="0"/><pin name="VSS@8" x="0" y="-17.78" rot="MR180" direction="pwr" length="long" visible="both" swaplevel="0"/><pin name="ENABLEC@9" x="71.12" y="-17.78" rot="MR0" direction="in" length="long" visible="both" swaplevel="0"/><pin name="C@10" x="71.12" y="-15.24" rot="MR0" direction="in" length="long" visible="both" swaplevel="0"/><pin name="G@11" x="71.12" y="-12.7" rot="MR0" direction="out" length="long" visible="both" swaplevel="0"/><pin name="NC@12" x="71.12" y="-10.16" rot="MR0" direction="nc" length="long" visible="both" swaplevel="0"/><pin name="H@13" x="71.12" y="-7.62" rot="MR0" direction="out" length="long" visible="both" swaplevel="0"/><pin name="D@14" x="71.12" y="-5.08" rot="MR0" direction="in" length="long" visible="both" swaplevel="0"/><pin name="ENABLED@15" x="71.12" y="-2.54" rot="MR0" direction="in" length="long" visible="both" swaplevel="0"/><pin name="VDD@16" x="71.12" y="0" rot="MR0" direction="pwr" length="long" visible="both" swaplevel="0"/><wire x1="7.62" y1="5.08" x2="7.62" y2="-22.86" width="0.127" layer="94"/><wire x1="7.62" y1="-22.86" x2="63.5" y2="-22.86" width="0.127" layer="94"/><wire x1="63.5" y1="-22.86" x2="63.5" y2="5.08" width="0.127" layer="94"/><wire x1="63.5" y1="5.08" x2="7.62" y2="5.08" width="0.127" layer="94"/><text size="2" x="35.56" y="10.16" layer="95" align="center">&gt;NAME</text><text size="2" x="35.56" y="7.62" layer="96" align="center">&gt;VALUE</text></symbol></symbols><devicesets><deviceset name="CD40109BPWR" prefix="U"><gates><gate name="1" addlevel="always" y="0" x="0" symbol="CD40109BPWR@1"/></gates><devices><device name="CD40109BPWR" package="PW16"><connects><connect pad="1" pin="VCC@1" gate="1"/><connect pad="2" pin="ENABLEA@2" gate="1"/><connect pad="3" pin="A@3" gate="1"/><connect pad="4" pin="E@4" gate="1"/><connect pad="5" pin="F@5" gate="1"/><connect pad="6" pin="B@6" gate="1"/><connect pad="7" pin="ENABLEB@7" gate="1"/><connect pad="8" pin="VSS@8" gate="1"/><connect pad="9" pin="ENABLEC@9" gate="1"/><connect pad="10" pin="C@10" gate="1"/><connect pad="11" pin="G@11" gate="1"/><connect pad="12" pin="NC@12" gate="1"/><connect pad="13" pin="H@13" gate="1"/><connect pad="14" pin="D@14" gate="1"/><connect pad="15" pin="ENABLED@15" gate="1"/><connect pad="16" pin="VDD@16" gate="1"/></connects><technologies><technology name=""><attribute name="Vendor" value="Vendor" constant="no"/><attribute name="Manufacturer_Part_Number" value="CD40109BPWR" constant="no"/></technology></technologies></device></devices></deviceset></devicesets></library></libraries><attributes/><variantdefs/><classes><class number="0" name="default" width="0" drill="0"/></classes><parts/><sheets/></schematic></drawing></eagle>
