<eagle version="6.1"><drawing><settings><setting alwaysvectorfont="no" verticaltext="up"/></settings><grid distance="0.1" unitdist="inch" unit="inch" style="lines" multiple="1" display="no" altdistance="0.01" altunitdist="inch" altunit="inch"/><layers><layer number="91" name="Nets" color="2" fill="1" visible="yes" active="yes"/><layer number="92" name="Busses" color="1" fill="1" visible="yes" active="yes"/><layer number="93" name="Pins" color="2" fill="1" visible="no" active="yes"/><layer number="94" name="Symbols" color="4" fill="1" visible="yes" active="yes"/><layer number="95" name="Names" color="7" fill="1" visible="yes" active="yes"/><layer number="96" name="Values" color="7" fill="1" visible="yes" active="yes"/><layer number="97" name="Info" color="7" fill="1" visible="yes" active="yes"/><layer number="98" name="Guide" color="6" fill="1" visible="yes" active="yes"/></layers><schematic><libraries><library name="AcceleratedDesigns_Lib"><packages><package name="PS8"><pad name="1" drill="0" y="1.905" x="-3.429"/><pad name="2" drill="0" y="0.635" x="-3.429"/><pad name="3" drill="0" y="-0.635" x="-3.429"/><pad name="4" drill="0" y="-1.905" x="-3.429"/><pad name="5" drill="0" y="-1.905" x="3.429"/><pad name="6" drill="0" y="-0.635" x="3.429"/><pad name="7" drill="0" y="0.635" x="3.429"/><pad name="8" drill="0" y="1.905" x="3.429"/></package><package name="PS8-M"><pad name="1" drill="0" y="1.905" x="-3.4798"/><pad name="2" drill="0" y="0.635" x="-3.4798"/><pad name="3" drill="0" y="-0.635" x="-3.4798"/><pad name="4" drill="0" y="-1.905" x="-3.4798"/><pad name="5" drill="0" y="-1.905" x="3.4798"/><pad name="6" drill="0" y="-0.635" x="3.4798"/><pad name="7" drill="0" y="0.635" x="3.4798"/><pad name="8" drill="0" y="1.905" x="3.4798"/></package><package name="PS8-L"><pad name="1" drill="0" y="1.905" x="-3.3782"/><pad name="2" drill="0" y="0.635" x="-3.3782"/><pad name="3" drill="0" y="-0.635" x="-3.3782"/><pad name="4" drill="0" y="-1.905" x="-3.3782"/><pad name="5" drill="0" y="-1.905" x="3.3782"/><pad name="6" drill="0" y="-0.635" x="3.3782"/><pad name="7" drill="0" y="0.635" x="3.3782"/><pad name="8" drill="0" y="1.905" x="3.3782"/></package></packages><symbols><symbol name="TL499ACPSR@1"><pin name="SERIESIN1@1" x="0" y="0" rot="MR180" direction="in" length="long" visible="both" swaplevel="0"/><pin name="REF@2" x="0" y="-2.54" rot="MR180" direction="pas" length="long" visible="both" swaplevel="0"/><pin name="SWREGIN2@3" x="0" y="-5.08" rot="MR180" direction="in" length="long" visible="both" swaplevel="0"/><pin name="SWCURRENTCTRL@4" x="0" y="-7.62" rot="MR180" direction="pas" length="long" visible="both" swaplevel="0"/><pin name="GND@5" x="86.36" y="-7.62" rot="MR0" direction="pwr" length="long" visible="both" swaplevel="0"/><pin name="SWIN@6" x="86.36" y="-5.08" rot="MR0" direction="in" length="long" visible="both" swaplevel="0"/><pin name="GND@7" x="86.36" y="-2.54" rot="MR0" direction="pwr" length="long" visible="both" swaplevel="0"/><pin name="OUTPUT@8" x="86.36" y="0" rot="MR0" direction="out" length="long" visible="both" swaplevel="0"/><wire x1="7.62" y1="5.08" x2="7.62" y2="-12.7" width="0.127" layer="94"/><wire x1="7.62" y1="-12.7" x2="78.74" y2="-12.7" width="0.127" layer="94"/><wire x1="78.74" y1="-12.7" x2="78.74" y2="5.08" width="0.127" layer="94"/><wire x1="78.74" y1="5.08" x2="7.62" y2="5.08" width="0.127" layer="94"/><text size="2" x="43.18" y="10.16" layer="95" align="center">&gt;NAME</text><text size="2" x="43.18" y="7.62" layer="96" align="center">&gt;VALUE</text></symbol></symbols><devicesets><deviceset name="TL499ACPSR" prefix="U"><gates><gate name="1" addlevel="always" y="0" x="0" symbol="TL499ACPSR@1"/></gates><devices><device name="TL499ACPSR" package="PS8"><connects><connect pad="1" pin="SERIESIN1@1" gate="1"/><connect pad="2" pin="REF@2" gate="1"/><connect pad="3" pin="SWREGIN2@3" gate="1"/><connect pad="4" pin="SWCURRENTCTRL@4" gate="1"/><connect pad="5" pin="GND@5" gate="1"/><connect pad="6" pin="SWIN@6" gate="1"/><connect pad="7" pin="GND@7" gate="1"/><connect pad="8" pin="OUTPUT@8" gate="1"/></connects><technologies><technology name=""><attribute name="Manufacturer_Part_Number" value="TL499ACPSR" constant="no"/><attribute name="Vendor" value="Texas Instruments" constant="no"/></technology></technologies></device></devices></deviceset></devicesets></library></libraries><attributes/><variantdefs/><classes><class number="0" name="default" width="0" drill="0"/></classes><parts/><sheets/></schematic></drawing></eagle>
