<eagle version="6.1"><drawing><settings><setting alwaysvectorfont="no" verticaltext="up"/></settings><grid distance="0.1" unitdist="inch" unit="inch" style="lines" multiple="1" display="no" altdistance="0.01" altunitdist="inch" altunit="inch"/><layers><layer number="91" name="Nets" color="2" fill="1" visible="yes" active="yes"/><layer number="92" name="Busses" color="1" fill="1" visible="yes" active="yes"/><layer number="93" name="Pins" color="2" fill="1" visible="no" active="yes"/><layer number="94" name="Symbols" color="4" fill="1" visible="yes" active="yes"/><layer number="95" name="Names" color="7" fill="1" visible="yes" active="yes"/><layer number="96" name="Values" color="7" fill="1" visible="yes" active="yes"/><layer number="97" name="Info" color="7" fill="1" visible="yes" active="yes"/><layer number="98" name="Guide" color="6" fill="1" visible="yes" active="yes"/></layers><schematic><libraries><library name="AcceleratedDesigns_Lib"><packages><package name="CONN2_640456-2"><pad name="1" drill="0" y="0" x="2.54"/><pad name="2" drill="0" y="0" x="0"/></package></packages><symbols><symbol name="640456-2@1"><pin name="1@1" x="0" y="3.88984634433488E-15" rot="MR180" direction="pas" length="middle" visible="pad" swaplevel="0"/><pin name="2@2" x="0" y="-2.53999999999999" rot="MR180" direction="pas" length="middle" visible="pad" swaplevel="0"/><wire x1="10.16" y1="3.88984634433488E-15" x2="5.08" y2="3.88984634433488E-15" width="0.127" layer="94"/><wire x1="10.16" y1="-2.53999999999999" x2="5.08" y2="-2.53999999999999" width="0.127" layer="94"/><wire x1="10.16" y1="3.88984634433488E-15" x2="8.89" y2="0.846665820000005" width="0.127" layer="94"/><wire x1="10.16" y1="-2.53999999999999" x2="8.89" y2="-1.69333418" width="0.127" layer="94"/><wire x1="10.16" y1="3.88984634433488E-15" x2="8.89" y2="-0.846665819999995" width="0.127" layer="94"/><wire x1="10.16" y1="-2.53999999999999" x2="8.89" y2="-3.38666582" width="0.127" layer="94"/><wire x1="5.08" y1="2.54" x2="5.08" y2="-5.08" width="0.127" layer="94"/><wire x1="5.08" y1="-5.08" x2="12.7" y2="-5.08" width="0.127" layer="94"/><wire x1="12.7" y1="-5.08" x2="12.7" y2="2.54" width="0.127" layer="94"/><wire x1="12.7" y1="2.54" x2="5.08" y2="2.54" width="0.127" layer="94"/><text size="2" x="8.89" y="6.35" layer="95" align="center">&gt;NAME</text></symbol></symbols><devicesets><deviceset name="640456-2" prefix="J"><gates><gate name="1" addlevel="always" y="0" x="0" symbol="640456-2@1"/></gates><devices><device name="640456-2" package="CONN2_640456-2"><connects><connect pad="1" pin="1@1" gate="1"/><connect pad="2" pin="2@2" gate="1"/></connects><technologies><technology name=""><attribute name="Manufacturer_Part_Number" value="640456-2" constant="no"/><attribute name="Vendor" value="TE Connectivity" constant="no"/></technology></technologies></device></devices></deviceset></devicesets></library></libraries><attributes/><variantdefs/><classes><class number="0" name="default" width="0" drill="0"/></classes><parts/><sheets/></schematic></drawing></eagle>
