<eagle version="6.1"><drawing><settings><setting alwaysvectorfont="no" verticaltext="up"/></settings><grid distance="0.1" unitdist="inch" unit="inch" style="lines" multiple="1" display="no" altdistance="0.01" altunitdist="inch" altunit="inch"/><layers><layer number="91" name="Nets" color="2" fill="1" visible="yes" active="yes"/><layer number="92" name="Busses" color="1" fill="1" visible="yes" active="yes"/><layer number="93" name="Pins" color="2" fill="1" visible="no" active="yes"/><layer number="94" name="Symbols" color="4" fill="1" visible="yes" active="yes"/><layer number="95" name="Names" color="7" fill="1" visible="yes" active="yes"/><layer number="96" name="Values" color="7" fill="1" visible="yes" active="yes"/><layer number="97" name="Info" color="7" fill="1" visible="yes" active="yes"/><layer number="98" name="Guide" color="6" fill="1" visible="yes" active="yes"/></layers><schematic><libraries><library name="AcceleratedDesigns_Lib"><packages><package name="1-640456-0"><pad name="1" drill="0" y="0" x="-22.86"/><pad name="2" drill="0" y="0" x="-20.32"/><pad name="3" drill="0" y="0" x="-17.78"/><pad name="4" drill="0" y="0" x="-15.24"/><pad name="5" drill="0" y="0" x="-12.7"/><pad name="6" drill="0" y="0" x="-10.16"/><pad name="7" drill="0" y="0" x="-7.62"/><pad name="8" drill="0" y="0" x="-5.08"/><pad name="9" drill="0" y="0" x="-2.54"/><pad name="10" drill="0" y="0" x="0"/></package></packages><symbols><symbol name="1-640456-0@1"><pin name="A1@1" x="0" y="0" rot="MR180" direction="pas" length="long" visible="both" swaplevel="0"/><pin name="A2@2" x="0" y="-2.54" rot="MR180" direction="pas" length="long" visible="both" swaplevel="0"/><pin name="A3@3" x="0" y="-5.08" rot="MR180" direction="pas" length="long" visible="both" swaplevel="0"/><pin name="A4@4" x="0" y="-7.62" rot="MR180" direction="pas" length="long" visible="both" swaplevel="0"/><pin name="A5@5" x="0" y="-10.16" rot="MR180" direction="pas" length="long" visible="both" swaplevel="0"/><pin name="A6@6" x="55.88" y="-10.16" rot="MR0" direction="pas" length="long" visible="both" swaplevel="0"/><pin name="A7@7" x="55.88" y="-7.62" rot="MR0" direction="pas" length="long" visible="both" swaplevel="0"/><pin name="A8@8" x="55.88" y="-5.08" rot="MR0" direction="pas" length="long" visible="both" swaplevel="0"/><pin name="A9@9" x="55.88" y="-2.54" rot="MR0" direction="pas" length="long" visible="both" swaplevel="0"/><pin name="A10@10" x="55.88" y="0" rot="MR0" direction="pas" length="long" visible="both" swaplevel="0"/><wire x1="7.62" y1="5.08" x2="7.62" y2="-15.24" width="0.127" layer="94"/><wire x1="7.62" y1="-15.24" x2="48.26" y2="-15.24" width="0.127" layer="94"/><wire x1="48.26" y1="-15.24" x2="48.26" y2="5.08" width="0.127" layer="94"/><wire x1="48.26" y1="5.08" x2="7.62" y2="5.08" width="0.127" layer="94"/><text size="2" x="27.94" y="10.16" layer="95" align="center">&gt;NAME</text><text size="2" x="27.94" y="7.62" layer="96" align="center">&gt;VALUE</text></symbol></symbols><devicesets><deviceset name="1-640456-0" prefix="J"><gates><gate name="1" addlevel="always" y="0" x="0" symbol="1-640456-0@1"/></gates><devices><device name="1-640456-0" package="1-640456-0"><connects><connect pad="A1" pin="A1@1" gate="1"/><connect pad="A2" pin="A2@2" gate="1"/><connect pad="A3" pin="A3@3" gate="1"/><connect pad="A4" pin="A4@4" gate="1"/><connect pad="A5" pin="A5@5" gate="1"/><connect pad="A6" pin="A6@6" gate="1"/><connect pad="A7" pin="A7@7" gate="1"/><connect pad="A8" pin="A8@8" gate="1"/><connect pad="A9" pin="A9@9" gate="1"/><connect pad="A10" pin="A10@10" gate="1"/></connects><technologies><technology name=""><attribute name="Vendor" value="TE Connectivity" constant="no"/><attribute name="Manufacturer_Part_Number" value="1-640456-0" constant="no"/></technology></technologies></device></devices></deviceset></devicesets></library></libraries><attributes/><variantdefs/><classes><class number="0" name="default" width="0" drill="0"/></classes><parts/><sheets/></schematic></drawing></eagle>
