<eagle version="6.1"><drawing><settings><setting alwaysvectorfont="no" verticaltext="up"/></settings><grid distance="0.1" unitdist="inch" unit="inch" style="lines" multiple="1" display="no" altdistance="0.01" altunitdist="inch" altunit="inch"/><layers><layer number="91" name="Nets" color="2" fill="1" visible="yes" active="yes"/><layer number="92" name="Busses" color="1" fill="1" visible="yes" active="yes"/><layer number="93" name="Pins" color="2" fill="1" visible="no" active="yes"/><layer number="94" name="Symbols" color="4" fill="1" visible="yes" active="yes"/><layer number="95" name="Names" color="7" fill="1" visible="yes" active="yes"/><layer number="96" name="Values" color="7" fill="1" visible="yes" active="yes"/><layer number="97" name="Info" color="7" fill="1" visible="yes" active="yes"/><layer number="98" name="Guide" color="6" fill="1" visible="yes" active="yes"/></layers><schematic><libraries><library name="AcceleratedDesigns_Lib"><packages><package name="M08A"><pad name="1" drill="0" y="1.905" x="-2.4638"/><pad name="2" drill="0" y="0.635" x="-2.4638"/><pad name="3" drill="0" y="-0.635" x="-2.4638"/><pad name="4" drill="0" y="-1.905" x="-2.4638"/><pad name="5" drill="0" y="-1.905" x="2.4638"/><pad name="6" drill="0" y="-0.635" x="2.4638"/><pad name="7" drill="0" y="0.635" x="2.4638"/><pad name="8" drill="0" y="1.905" x="2.4638"/></package><package name="M08A-M"><pad name="1" drill="0" y="1.905" x="-2.5146"/><pad name="2" drill="0" y="0.635" x="-2.5146"/><pad name="3" drill="0" y="-0.635" x="-2.5146"/><pad name="4" drill="0" y="-1.905" x="-2.5146"/><pad name="5" drill="0" y="-1.905" x="2.5146"/><pad name="6" drill="0" y="-0.635" x="2.5146"/><pad name="7" drill="0" y="0.635" x="2.5146"/><pad name="8" drill="0" y="1.905" x="2.5146"/></package><package name="M08A-L"><pad name="1" drill="0" y="1.905" x="-2.413"/><pad name="2" drill="0" y="0.635" x="-2.413"/><pad name="3" drill="0" y="-0.635" x="-2.413"/><pad name="4" drill="0" y="-1.905" x="-2.413"/><pad name="5" drill="0" y="-1.905" x="2.413"/><pad name="6" drill="0" y="-0.635" x="2.413"/><pad name="7" drill="0" y="0.635" x="2.413"/><pad name="8" drill="0" y="1.905" x="2.413"/></package></packages><symbols><symbol name="LM386MX-1/NOPB@1"><pin name="GAIN@1" x="0" y="0" rot="MR180" direction="io" length="long" visible="both" swaplevel="0"/><pin name="IN-@2" x="0" y="-2.54" rot="MR180" direction="in" length="long" visible="both" swaplevel="0"/><pin name="IN+@3" x="0" y="-5.08" rot="MR180" direction="in" length="long" visible="both" swaplevel="0"/><pin name="GND@4" x="0" y="-7.62" rot="MR180" direction="pwr" length="long" visible="both" swaplevel="0"/><pin name="VOUT@5" x="66.04" y="-7.62" rot="MR0" direction="out" length="long" visible="both" swaplevel="0"/><pin name="VS@6" x="66.04" y="-5.08" rot="MR0" direction="pwr" length="long" visible="both" swaplevel="0"/><pin name="BYPASS@7" x="66.04" y="-2.54" rot="MR0" direction="io" length="long" visible="both" swaplevel="0"/><pin name="GAIN@8" x="66.04" y="0" rot="MR0" direction="io" length="long" visible="both" swaplevel="0"/><wire x1="7.62" y1="5.08" x2="7.62" y2="-12.7" width="0.127" layer="94"/><wire x1="7.62" y1="-12.7" x2="58.42" y2="-12.7" width="0.127" layer="94"/><wire x1="58.42" y1="-12.7" x2="58.42" y2="5.08" width="0.127" layer="94"/><wire x1="58.42" y1="5.08" x2="7.62" y2="5.08" width="0.127" layer="94"/><text size="2" x="33.02" y="10.16" layer="95" align="center">&gt;NAME</text><text size="2" x="33.02" y="7.62" layer="96" align="center">&gt;VALUE</text></symbol></symbols><devicesets><deviceset name="LM386MX-1/NOPB" prefix="U"><gates><gate name="1" addlevel="always" y="0" x="0" symbol="LM386MX-1/NOPB@1"/></gates><devices><device name="LM386MX-1/NOPB" package="M08A"><connects><connect pad="1" pin="GAIN@1" gate="1"/><connect pad="2" pin="IN-@2" gate="1"/><connect pad="3" pin="IN+@3" gate="1"/><connect pad="4" pin="GND@4" gate="1"/><connect pad="5" pin="VOUT@5" gate="1"/><connect pad="6" pin="VS@6" gate="1"/><connect pad="7" pin="BYPASS@7" gate="1"/><connect pad="8" pin="GAIN@8" gate="1"/></connects><technologies><technology name=""><attribute name="Manufacturer_Part_Number" value="LM386MX-1/NOPB" constant="no"/><attribute name="Vendor" value="Texas Instruments" constant="no"/></technology></technologies></device></devices></deviceset></devicesets></library></libraries><attributes/><variantdefs/><classes><class number="0" name="default" width="0" drill="0"/></classes><parts/><sheets/></schematic></drawing></eagle>
